borrower_id,borrower_name,email,phone
1,Alice Johnson,alice.johnson@email.com,555-0101
2,Bob Smith,bob.smith@email.com,555-0102
3,Carol Williams,carol.williams@email.com,555-0103
4,David Brown,david.brown@email.com,555-0104
5,Emma Davis,emma.davis@email.com,555-0105
6,Frank Miller,frank.miller@email.com,555-0106
7,Grace Wilson,grace.wilson@email.com,555-0107
8,Henry Moore,henry.moore@email.com,555-0108
9,Isabella Taylor,isabella.taylor@email.com,555-0109
10,James Anderson,james.anderson@email.com,555-0110
11,Katherine Thomas,katherine.thomas@email.com,555-0111
12,Liam Jackson,liam.jackson@email.com,555-0112
13,Mia White,mia.white@email.com,555-0113
14,Noah Harris,noah.harris@email.com,555-0114
15,Olivia Martin,olivia.martin@email.com,555-0115
16,Patrick Thompson,patrick.thompson@email.com,555-0116
17,Quinn Garcia,quinn.garcia@email.com,555-0117
18,Rachel Martinez,rachel.martinez@email.com,555-0118
19,Samuel Robinson,samuel.robinson@email.com,555-0119
20,Tara Clark,tara.clark@email.com,555-0120
21,Uma Rodriguez,uma.rodriguez@email.com,555-0121
22,Victor Lewis,victor.lewis@email.com,555-0122
23,Wendy Lee,wendy.lee@email.com,555-0123
24,Xavier Walker,xavier.walker@email.com,555-0124
25,Yara Hall,yara.hall@email.com,555-0125
26,Zachary Allen,zachary.allen@email.com,555-0126
27,Amy Young,amy.young@email.com,555-0127
28,Brian King,brian.king@email.com,555-0128
29,Cynthia Wright,cynthia.wright@email.com,555-0129
30,Daniel Scott,daniel.scott@email.com,555-0130
